{"cameraMode":{"drawMode":0,"name":"Shaded","section":"Shading Mode"},"sceneLighting":true,"audioPlay":false,"sceneViewState":{"showFog":true,"showMaterialUpdate":false,"showSkybox":true,"showFlares":true,"showImageEffects":true,"showParticleSystems":true},"in2DMode":false,"pivot":{"x":-4.710485458374023,"y":11.392288208007813,"z":17.564163208007814},"rotation":{"x":0.038875021040439609,"y":0.953421413898468,"z":-0.2641841471195221,"w":0.1402965933084488},"size":4.286825656890869,"orthographic":false}