{"cameraMode":{"drawMode":0,"name":"Shaded","section":"Shading Mode"},"sceneLighting":true,"audioPlay":false,"sceneViewState":{"showFog":true,"showMaterialUpdate":false,"showSkybox":true,"showFlares":true,"showImageEffects":true,"showParticleSystems":true},"in2DMode":false,"pivot":{"x":5.573268413543701,"y":7.329760551452637,"z":-13.50304889678955},"rotation":{"x":-0.14402300119400025,"y":0.41392090916633608,"z":-0.06650523096323013,"w":-0.8963837623596191},"size":4.286825656890869,"orthographic":false}